Report ID,Report Version,Reporting Entity,Report Type,Report Month,Report Year,Report Submission Date,VIN,VIN - Unknown,Serial Number,Make,Model,Model - Unknown,Model Year,Model Year - Unknown,Same Vehicle ID,Mileage,Mileage - Unknown,Driver / Operator Type,ADAS/ADS System Version,ADAS/ADS System Version - Unk,ADAS/ADS System Version CBI,ADAS/ADS Hardware Version,ADAS/ADS Hardware Version - Unk,ADAS/ADS Hardware Version CBI,ADAS/ADS Software Version,ADAS/ADS Software Version - Unk,ADAS/ADS Software Version CBI,Other Reporting Entities?,Other Reporting Entities? - Unk,Other Reporting Entities? - NA,Federal Regulatory Exemption?,Other Federal Reg. Exemption,Federal Reg. Exemption - Unk,Federal Reg. Exemption - No,State or Local Permit?,State or Local Permit,ADS Equipped?,Automation System Engaged?,Operating Entity,Operating Entity - Unknown,Source - Complaint/Claim,Source - Telematics,Source - Law Enforcement,Source - Field Report,Source - Testing,Source - Media,Source - Other,Source - Other Text,Incident Date,Incident Date - Unknown,Notice Received Date,Incident Time (24:00),Incident Time - Unknown,Same Incident ID,Latitude,Latitude - Unknown,Longitude,Longitude - Unknown,Address,Address - Unknown,City,City - Unknown,State,Zip Code,Zip Code - Unknown,Roadway Type,Roadway Surface,Roadway Description,Posted Speed Limit (MPH),Posted Speed Limit - Unknown,Lighting,Weather - Clear,Weather - Snow,Weather - Cloudy,Weather - Fog/Smoke,Weather - Rain,Weather - Severe Wind,Weather - Unknown,Weather - Other,Weather - Other Text,Crash With,Highest Injury Severity Alleged,Property Damage?,CP Pre-Crash Movement,CP Any Air Bags Deployed?,CP Was Vehicle Towed?,CP Contact Area - Rear Left,CP Contact Area - Left,CP Contact Area - Front Left,CP Contact Area - Rear,CP Contact Area - Top,CP Contact Area - Front,CP Contact Area - Rear Right,CP Contact Area - Right,CP Contact Area - Front Right,CP Contact Area - Bottom,CP Contact Area - Unknown,SV Pre-Crash Movement,SV Any Air Bags Deployed?,SV Was Vehicle Towed?,SV Were All Passengers Belted?,SV Precrash Speed (MPH),SV Pre-crash Speed - Unknown,SV Contact Area - Rear Left,SV Contact Area - Left,SV Contact Area - Front Left,SV Contact Area - Rear,SV Contact Area - Top,SV Contact Area - Front,SV Contact Area - Rear Right,SV Contact Area - Right,SV Contact Area - Front Right,SV Contact Area - Bottom,SV Contact Area - Unknown,Data Availability - EDR,Data Availability - Police Rpt,Data Availability - Telematics,Data Availability - Complaints,Data Availability - Video,Data Availability - Other,Data Availability - No Data,Data Availability - Unknown,Law Enforcement Investigating?,Investigating Agency,Investigating Agency - Unknown,Rep Ent Or Mfr Investigating?,Investigating Officer Name,Inv. Officer Name - Unknown,Investigating Officer Phone,Inv. Officer Phone - Unknown,Investigating Officer Email,Inv. Officer Email - Unknown,Within ODD?,Within ODD? - CBI,Narrative,Narrative - CBI?
540-9211,2,"General Motors, LLC",10-Day Update,,,NOV-2024,5G21A6P02P4, ,N/A,Cruise,AV, ,2023, ,5965993ae229e16,7685, ,In-Vehicle (Commercial / Test),,Y, ,,Y, ,,Y, ,Cruise LLC, , ,,, ,Y,No,,Yes,ADS,Cruise LLC, , ,Y, ,Y,Y, , ,,NOV-2024, ,NOV-2024,19:23, ,92e33cb7fac29c6,[MAY CONTAIN PERSONALLY IDENTIFIABLE INFORMATION], ,[MAY CONTAIN PERSONALLY IDENTIFIABLE INFORMATION], ,[MAY CONTAIN PERSONALLY IDENTIFIABLE INFORMATION], ,Houston, ,TX ,[MAY CONTAIN PERSONALLY IDENTIFIABLE INFORMATION], ,Street,Dry,No Unusual Conditions,30, ,Dark - Lighted,Y, , , , , , , ,,Non-Motorist: Cyclist,No Injuries Reported,Unknown,Passing,,, , , , , , , , , , , ,Proceeding Straight,No,No,Yes,4, , , , , , , , , , , ,Y,Y, ,Y, ,Y,Y, , ,No,, ,Yes,, ,, ,, ,"Unknown, see Narrative", ,"On November 27, 2024, GM Cruise Holdings LLC (""Cruise"") filed a 10-Day Update Incident Report (the ""Report"") under the Second Amended Standing General Order 2021-01, dated April [XXX], 2023 (the ""Order"") General Motors LLC (GM) manufactured the Cruise-operated motor vehicle involved in the incident summarized in the Incident Report. Because GM is also a Reporting Entity under the Order, GM is submitting a duplicate of the redacted public copy of the Report. GM has selected ""Unknown"" in the ""ADS version"" and ""ODD time"" fields solely to avoid a second submission of nonpublic Cruise CBI GM is in possession of Cruise's responses to these fields, and incorporates Cruise's responses into this submission by reference. GM's submission is based on facts supplied to GM by Cruise. GM has not investigated the alleged incident and currently believes, based on a reasonable inquiry, that it has no independent knowledge of the facts in the Report. (Reference file: 30412-9204-2)",
30412-9204,2,Cruise LLC,10-Day Update,,,NOV-2024,5G21A6P02P4, ,N/A,Cruise,AV, ,2023, ,5965993ae229e16,7685, ,In-Vehicle and Remote (Commercial / Test),"[REDACTED, MAY CONTAIN CONFIDENTIAL BUSINESS INFORMATION]", ,Y,"[REDACTED, MAY CONTAIN CONFIDENTIAL BUSINESS INFORMATION]", ,Y,"[REDACTED, MAY CONTAIN CONFIDENTIAL BUSINESS INFORMATION]", ,Y,"General Motors, LLC", , ,,, ,Y,No,,Yes,ADS,Cruise LLC, , ,Y, ,Y,Y, , ,,NOV-2024, ,NOV-2024,19:23, ,92e33cb7fac29c6,[MAY CONTAIN PERSONALLY IDENTIFIABLE INFORMATION], ,[MAY CONTAIN PERSONALLY IDENTIFIABLE INFORMATION], ,[MAY CONTAIN PERSONALLY IDENTIFIABLE INFORMATION], ,Houston, ,TX ,[MAY CONTAIN PERSONALLY IDENTIFIABLE INFORMATION], ,Street,Dry,No Unusual Conditions,30, ,Dark - Lighted,Y, , , , , , , ,,Non-Motorist: Cyclist,No Injuries Reported,Unknown,Passing,,, , , , , , , , , , , ,Proceeding Straight,No,No,Yes,4, , , , , , , , , , , ,Y,Y, ,Y, ,Y,Y, , ,No,, ,Yes,, ,, ,, ,"[REDACTED, MAY CONTAIN CONFIDENTIAL BUSINESS INFORMATION]",Y,"Cruise submits this updated report to confirm there was no physical contact between the AV and the cyclist and to provide additional details about this incident. On November [XXX], 2024 at 7:23PM CST, a Cruise autonomous vehicle (""AV"") operating in supervised autonomous mode in Houston, Texas was traveling west on [XXX] when it decelerated as it approached a speed bump. As the AV began to slowly traverse the speed bump, it maneuvered slightly left to provide room for a cyclist approaching from behind the AV on the right-hand side. As the cyclist approached quickly from behind the AV, they moved from the right side of the road to the left side and attempted to maneuver around the AV, between the AV and a parked vehicle. The cyclist then lost control of their bike while maneuvering the speed bump and fell to the ground in front of and to the left of the AV. The AV came to a complete stop and the Cruise safety driver took manual control of the AV, remaining stationary. The cyclist proceeded to get to their feet and spoke with the safety driver, but did not report any injuries when asked. There was no indication of property damage to the AV.",
540-9211,1,"General Motors, LLC",1-Day,,,NOV-2024,5G21A6P02P4, ,N/A,Cruise,AV, ,2023, ,5965993ae229e16,7685, ,In-Vehicle (Commercial / Test),,Y, ,,Y, ,,Y, ,Cruise LLC, , ,,, ,Y,No,,Yes,ADS,Cruise LLC, , ,Y, ,Y,Y, , ,,NOV-2024, ,NOV-2024,19:23, ,92e33cb7fac29c6,[MAY CONTAIN PERSONALLY IDENTIFIABLE INFORMATION], ,[MAY CONTAIN PERSONALLY IDENTIFIABLE INFORMATION], ,[MAY CONTAIN PERSONALLY IDENTIFIABLE INFORMATION], ,Houston, ,TX ,[MAY CONTAIN PERSONALLY IDENTIFIABLE INFORMATION], ,Street,Dry,No Unusual Conditions,30, ,Dark - Lighted,Y, , , , , , , ,,Non-Motorist: Cyclist,No Injuries Reported,Unknown,Passing,,, , , , , , , , , , , ,Proceeding Straight,No,No,Yes,4, , , , , , , , , , , ,Y,Y, ,Y, ,Y,Y, , ,No,, ,Yes,, ,, ,, ,"Unknown, see Narrative", ,"On November 19, 2024, GM Cruise Holdings LLC (""Cruise"") filed an Incident Report (the ""Report"") under the Second Amended Standing General Order 2021-01, dated April 5, 2023 (the ""Order"") General Motors LLC (GM) manufactured the Cruise-operated motor vehicle involved in the incident summarized in the Incident Report. Because GM is also a Reporting Entity under the Order, GM is submitting a duplicate of the redacted public copy of the Report. GM has selected ""Unknown"" in the ""ADS version"" and ""ODD time"" fields solely to avoid a second submission of nonpublic Cruise CBI GM is in possession of Cruise's responses to these fields, and incorporates Cruise's responses into this submission by reference. GM's submission is based on facts supplied to GM by Cruise. GM has not investigated the alleged incident and currently believes, based on a reasonable inquiry, that it has no independent knowledge of the facts in the Report. (Reference file: 30412-9204-1)",
30412-9204,1,Cruise LLC,1-Day,,,NOV-2024,5G21A6P02P4, ,N/A,Cruise,AV, ,2023, ,5965993ae229e16,7685, ,In-Vehicle and Remote (Commercial / Test),"[REDACTED, MAY CONTAIN CONFIDENTIAL BUSINESS INFORMATION]", ,Y,"[REDACTED, MAY CONTAIN CONFIDENTIAL BUSINESS INFORMATION]", ,Y,"[REDACTED, MAY CONTAIN CONFIDENTIAL BUSINESS INFORMATION]", ,Y,"General Motors, LLC", , ,,, ,Y,No,,Yes,ADS,Cruise LLC, , ,Y, ,Y,Y, , ,,NOV-2024, ,NOV-2024,19:23, ,92e33cb7fac29c6,[MAY CONTAIN PERSONALLY IDENTIFIABLE INFORMATION], ,[MAY CONTAIN PERSONALLY IDENTIFIABLE INFORMATION], ,[MAY CONTAIN PERSONALLY IDENTIFIABLE INFORMATION], ,Houston, ,TX ,[MAY CONTAIN PERSONALLY IDENTIFIABLE INFORMATION], ,Street,Dry,No Unusual Conditions,30, ,Dark - Lighted,Y, , , , , , , ,,Non-Motorist: Cyclist,No Injuries Reported,Unknown,Passing,,, , , , , , , , , , , ,Proceeding Straight,No,No,Yes,4, , , , , , , , , , , ,Y,Y, ,Y, ,Y,Y, , ,No,, ,Yes,, ,, ,, ,"[REDACTED, MAY CONTAIN CONFIDENTIAL BUSINESS INFORMATION]",Y,"On November [XXX], 2024 at 7:23PM CST, a Cruise autonomous vehicle (AV) operating in supervised autonomous mode in Houston, Texas was traveling west on [XXX] when it decelerated as it approached a speed bump. As the AV began to slowly traverse the speed bump, it maneuvered slightly left. A cyclist approached quickly from behind the AV and attempted to maneuver around the AV on the left-hand side between the AV and a parked vehicle. Based on the initial review, the cyclist then lost control of their bike while riding over the speed bump and fell to the ground in front of and to the left of the AV. The AV came to a complete stop and the Cruise safety driver took manual control of the AV, remaining stationary. Cruise has not confirmed that there was any physical contact between the AV and the cyclist. The cyclist proceeded to get to their feet and spoke with the safety driver, but did not report any injuries when asked. There was no indication of property damage to the AV.",
30413-8218,1,May Mobility,1-Day,,,JUL-2024,5TDYRKEC3NS, ,N/A,Toyota,Sienna, ,2022, ,9f25406284e8751,15976, ,In-Vehicle (Commercial / Test),3, , ,3, , ,3, , ,, ,Y,,, ,Y,No,,Yes,ADS,May Mobility, , , , ,Y, , , ,,JUL-2024, ,JUL-2024,13:57, ,7077c9c68260af9,[MAY CONTAIN PERSONALLY IDENTIFIABLE INFORMATION], ,[MAY CONTAIN PERSONALLY IDENTIFIABLE INFORMATION], ,[MAY CONTAIN PERSONALLY IDENTIFIABLE INFORMATION], ,Miami, ,FL ,[MAY CONTAIN PERSONALLY IDENTIFIABLE INFORMATION], ,Street,Dry,No Unusual Conditions,25, ,Daylight,Y, , , , , , , ,,Non-Motorist: Cyclist,No Injuries Reported,No,Crossing into Opposing Lane,,, , , , , , , , , , , ,Stopped,No,No,Yes,0, , , ,Y, , , , , , , , , , , , ,Y, , , ,No,, ,No,, ,, ,, ,Yes, ,"May vehicle was parked in autonomous mode at a rider stop when a VRU on a bicycle approached from the north, coming towards the vehicle. Bicycle was on the wrong side of the road and appeared to be weaving. There were no other vehicles nearby and the bicycle had significant room to avoid the May vehicle. However, the bicyclist came into contact with the driver side of the May vehicle, resulting in some minor damage to the May vehicle. After contact, the bicyclist appeared uninjured, got up and left the scene on the bicycle.",
30610-4810,2,"Zoox, Inc.",10-Day Update,,,FEB-2023,5TDDCRFHXGS, ,N/A,Toyota,Highlander, ,2016, ,5e28e7f4219df90,89119, ,In-Vehicle (Commercial / Test),66.23.02.05, , ,, , ,, , ,, , ,,, , ,,,Yes,ADS,Zoox, , ,Y, ,Y, , , ,,FEB-2023, ,FEB-2023,13:50, ,28aee38d1d3ed89,[MAY CONTAIN PERSONALLY IDENTIFIABLE INFORMATION], ,[MAY CONTAIN PERSONALLY IDENTIFIABLE INFORMATION], ,[MAY CONTAIN PERSONALLY IDENTIFIABLE INFORMATION], ,Paradise, ,NV ,[MAY CONTAIN PERSONALLY IDENTIFIABLE INFORMATION], ,Intersection,Dry,No Unusual Conditions,45, ,Daylight,Y, , , , , , , ,,Non-Motorist: Cyclist,Minor,Yes,"Other, see Narrative",,, , , , , , , , , , , ,Merging,No,No,Yes,0, ,Y, , , , , , , , , , , , ,Y, ,Y,Y, , ,No,, ,No,, ,, ,, ,Yes, ,"A Zoox vehicle in autonomy was stopped in a merge lane yielding and waiting for cross traffic when a bicyclist approached the side of the vehicle on a parallel path and made a gesture to the driver. When the Zoox vehicle began to move and had reached approximately 5mph, the cyclist changed trajectory towards the Zoox vehicle, which braked, and the cyclist made low speed contact with the rear of the Zoox vehicle. The cyclist reported no injury at the scene, but later followed up with an email stating he was sore. Police were not called, contact information was exchanged, and the cyclist rode away. This 10-Day update provides complete information for this incident.",
30610-4810,1,"Zoox, Inc.",1-Day,,,FEB-2023,5TDDCRFHXGS, ,N/A,Toyota,Highlander, ,2016, ,5e28e7f4219df90,89119, ,In-Vehicle (Commercial / Test),66.23.02.05, , ,, , ,, , ,, , ,,, , ,,,Yes,ADS,Zoox, , ,Y, ,Y, , , ,,FEB-2023, ,FEB-2023,13:50, ,28aee38d1d3ed89,[MAY CONTAIN PERSONALLY IDENTIFIABLE INFORMATION], ,[MAY CONTAIN PERSONALLY IDENTIFIABLE INFORMATION], ,[MAY CONTAIN PERSONALLY IDENTIFIABLE INFORMATION], ,Paradise, ,NV ,[MAY CONTAIN PERSONALLY IDENTIFIABLE INFORMATION], ,Intersection,Dry,No Unusual Conditions,45, ,Daylight,Y, , , , , , , ,,Non-Motorist: Cyclist,Minor,Yes,"Other, see Narrative",,, , , , , , , , , , , ,Merging,No,No,Yes,0, ,Y, , , , , , , , , , , , ,Y, ,Y,Y, , ,No,, ,No,, ,, ,, ,Yes, ,"A Zoox vehicle in autonomy was stopped in a merge lane yielding and waiting for cross traffic when a bicyclist approached the side of the vehicle on a parallel path and made a gesture to the driver. When the Zoox vehicle began to move and had reached approximately 5mph, the cyclist changed trajectory towards the Zoox vehicle, which braked, and the cyclist made low speed contact with the rear of the Zoox vehicle. The cyclist reported no injury at the scene, but later followed up with an email stating he was sore. Police were not called, contact information was exchanged, and the cyclist rode away.",
1306-4389,2,Toyota Motor Engineering & Manufacturing,10-Day Update,,,DEC-2022,2T2JGMDA0LC, ,N/A,Lexus,RX450H, ,2020, ,cb6e38b363be262,25702, ,In-Vehicle (Commercial / Test),4, , ,, , ,, , ,, , ,,, , ,,,Yes,"Unknown, see Narrative",May Mobility, , , , ,Y, , , ,,NOV-2022, ,DEC-2022,15:43, ,03ad388e6676c05,[MAY CONTAIN PERSONALLY IDENTIFIABLE INFORMATION], ,[MAY CONTAIN PERSONALLY IDENTIFIABLE INFORMATION], ,[MAY CONTAIN PERSONALLY IDENTIFIABLE INFORMATION], ,Ann Arbor, ,MI ,[MAY CONTAIN PERSONALLY IDENTIFIABLE INFORMATION], ,Intersection,Dry,No Unusual Conditions,25, ,Daylight,Y, , , , , , , ,,Non-Motorist: Cyclist,No Injuries Reported,No,NM Moving on Sidewalk,,, , , , , , , , , , , ,Entering Traffic,No,No,Yes,4, , , ,Y, , ,Y, , , , , , ,Y, , , , , , ,No,, ,No,, ,, ,, ,"No, see Narrative", ,"This report is being submitted because May Mobility notified Toyota on Dec. 9, 2022 of 1-Day Report submission 30413-4170-1,related
to an incident that occurred on Nov. [XXX], 2022. Toyota has no additional information on this incident beyond what was submitted in the
aforementioned 1-Day Report. Please refer to the report from May Mobility for details.
This report is a 10 Day update. The original report ID is 1306-4389-1.",
1306-4389,1,Toyota Motor Engineering & Manufacturing,1-Day,,,DEC-2022,2T2JGMDA0LC, ,N/A,Lexus,RX450H, ,2020, ,cb6e38b363be262,25702, ,In-Vehicle (Commercial / Test),4, , ,, , ,, , ,, , ,,, , ,,,Yes,"Unknown, see Narrative",May Mobility, , , , ,Y, , , ,,NOV-2022, ,DEC-2022,15:43, ,03ad388e6676c05,[MAY CONTAIN PERSONALLY IDENTIFIABLE INFORMATION], ,[MAY CONTAIN PERSONALLY IDENTIFIABLE INFORMATION], ,[MAY CONTAIN PERSONALLY IDENTIFIABLE INFORMATION], ,Ann Arbor, ,MI ,[MAY CONTAIN PERSONALLY IDENTIFIABLE INFORMATION], ,Intersection,Dry,No Unusual Conditions,25, ,Daylight,Y, , , , , , , ,,Non-Motorist: Cyclist,No Injuries Reported,No,NM Moving on Sidewalk,,, , , , , , , , , , , ,Entering Traffic,No,No,Yes,4, , , ,Y, , ,Y, , , , , , ,Y, , , , , , ,No,, ,No,, ,, ,, ,"No, see Narrative", ,"This report is being submitted because May Mobility notified Toyota on Dec. 9, 2022 of 1-Day Report submission 30413-4170-1,related
to an incident that occurred on Nov. [XXX], 2022. Toyota has no additional information on this incident beyond what was submitted in the
aforementioned 1-Day Report. Please refer to the report from May Mobility for details.",
30413-4170,1,May Mobility,1-Day,,,NOV-2022,2T2JGMDA0LC, ,N/A,Lexus,RX450H, ,2020, ,cb6e38b363be262,25702, ,In-Vehicle (Commercial / Test),4, , ,, , ,, , ,, , ,,, , ,,,Yes,"Unknown, see Narrative",May Mobility, , , , ,Y, , , ,,NOV-2022, ,NOV-2022,15:43, ,03ad388e6676c05,[MAY CONTAIN PERSONALLY IDENTIFIABLE INFORMATION], ,[MAY CONTAIN PERSONALLY IDENTIFIABLE INFORMATION], ,[MAY CONTAIN PERSONALLY IDENTIFIABLE INFORMATION], ,Ann Arbor, ,MI ,[MAY CONTAIN PERSONALLY IDENTIFIABLE INFORMATION], ,Intersection,Dry,No Unusual Conditions,25, ,Daylight,Y, , , , , , , ,,Non-Motorist: Cyclist,No Injuries Reported,No,NM Moving on Sidewalk,,, , , , , , , , , , , ,Entering Traffic,No,No,Yes,4, , , ,Y, , ,Y, , , , , , ,Y, , , , , , ,No,, ,No,, ,, ,, ,"No, see Narrative", ,"Operator was approaching stop sign at the intersection of [XXX] westbound and [XXX] northbound, which is a planned disengagement (this unprotected turn is outside of our ODD). If left in autonomy, the vehicle would have come to a full stop before the stop line and remained stopped until the operator took over. 6 seconds prior to incident, operator took the vehicle over manually before it could have stopped in autonomy. Operator moved the vehicle manually passed the stop line, colliding with a bicyclist's back tire. No injuries reported from the bicyclist or the operator and no damage to the vehicle or bicycle.",
502-3140,2,Ford Motor Company,10-Day Update,,,JUN-2022,1FMCU0DZ1LU, ,N/A,Ford,Escape, ,2020, ,5135f43efb33b58,1635, ,In-Vehicle (Commercial / Test),"[REDACTED, MAY CONTAIN CONFIDENTIAL BUSINESS INFORMATION]", ,Y,, , ,, , ,, , ,,, , ,,,Yes,ADS,Argo AI, , , , ,Y,Y, , ,,JUN-2022, ,JUN-2022,16:35, ,38c8a93b3f13949,[MAY CONTAIN PERSONALLY IDENTIFIABLE INFORMATION], ,[MAY CONTAIN PERSONALLY IDENTIFIABLE INFORMATION], ,[MAY CONTAIN PERSONALLY IDENTIFIABLE INFORMATION], ,Austin, ,TX ,[MAY CONTAIN PERSONALLY IDENTIFIABLE INFORMATION], ,Street,Dry,No Unusual Conditions,30, ,Daylight,Y, , , , , , , ,,Non-Motorist: Cyclist,No Injuries Reported,Yes,Proceeding Straight,,, , , , , , , , , , , ,Stopped,No,No,Yes,0, ,Y, , , , , , , , , , , , , , ,Y,Y, , ,No,, ,Yes,, ,, ,, ,"[REDACTED, MAY CONTAIN CONFIDENTIAL BUSINESS INFORMATION]",Y,"2022-06-[XXX] - Submission of 10-Day Update reported by Argo AI to Ford (Report # 30290-3135-2): Argo AI has not received notice of any material new or materially different information about this incident.
[REDACTED, MAY CONTAIN CONFIDENTIAL BUSINESS INFORMATION]",Y
30290-3135,2,Argo AI,10-Day Update,,,JUN-2022,1FMCU0DZ1LU, ,N/A,Ford,Escape, ,2020, ,5135f43efb33b58,1635, ,In-Vehicle (Commercial / Test),"[REDACTED, MAY CONTAIN CONFIDENTIAL BUSINESS INFORMATION]", ,Y,, , ,, , ,, , ,,, , ,,,Yes,ADS,Argo AI, , , , ,Y,Y, , ,,JUN-2022, ,JUN-2022,16:35, ,38c8a93b3f13949,[MAY CONTAIN PERSONALLY IDENTIFIABLE INFORMATION], ,[MAY CONTAIN PERSONALLY IDENTIFIABLE INFORMATION], ,[MAY CONTAIN PERSONALLY IDENTIFIABLE INFORMATION], ,Austin, ,TX ,[MAY CONTAIN PERSONALLY IDENTIFIABLE INFORMATION], ,Street,Dry,No Unusual Conditions,30, ,Daylight,Y, , , , , , , ,,Non-Motorist: Cyclist,No Injuries Reported,Yes,Proceeding Straight,,, , , , , , , , , , , ,Stopped,No,No,Yes,0, ,Y, , , , , , , , , , , , , , ,Y,Y, , ,No,, ,Yes,, ,, ,, ,"[REDACTED, MAY CONTAIN CONFIDENTIAL BUSINESS INFORMATION]",Y,2022-06-[XXX] - Submission of 10 Day Update for Report 30290-3135-1: Argo AI has not received notice of any material new or materially different information about this incident.,
502-3140,1,Ford Motor Company,1-Day,,,JUN-2022,1FMCU0DZ1LU, ,N/A,Ford,Escape, ,2020, ,5135f43efb33b58,1635, ,In-Vehicle (Commercial / Test),"[REDACTED, MAY CONTAIN CONFIDENTIAL BUSINESS INFORMATION]", ,Y,, , ,, , ,, , ,,, , ,,,Yes,ADS,Argo AI, , , , ,Y,Y, , ,,JUN-2022, ,JUN-2022,16:35, ,38c8a93b3f13949,[MAY CONTAIN PERSONALLY IDENTIFIABLE INFORMATION], ,[MAY CONTAIN PERSONALLY IDENTIFIABLE INFORMATION], ,[MAY CONTAIN PERSONALLY IDENTIFIABLE INFORMATION], ,Austin, ,TX ,[MAY CONTAIN PERSONALLY IDENTIFIABLE INFORMATION], ,Street,Dry,No Unusual Conditions,30, ,Daylight,Y, , , , , , , ,,Non-Motorist: Cyclist,No Injuries Reported,Yes,Proceeding Straight,,, , , , , , , , , , , ,Stopped,No,No,Yes,0, ,Y, , , , , , , , , , , , , , ,Y,Y, , ,No,, ,Yes,, ,, ,, ,"[REDACTED, MAY CONTAIN CONFIDENTIAL BUSINESS INFORMATION]",Y,"[REDACTED, MAY CONTAIN CONFIDENTIAL BUSINESS INFORMATION]",Y
30290-3135,1,Argo AI,1-Day,,,JUN-2022,1FMCU0DZ1LU, ,N/A,Ford,Escape, ,2020, ,5135f43efb33b58,1635, ,In-Vehicle (Commercial / Test),"[REDACTED, MAY CONTAIN CONFIDENTIAL BUSINESS INFORMATION]", ,Y,, , ,, , ,, , ,,, , ,,,Yes,ADS,Argo AI, , , , ,Y,Y, , ,,JUN-2022, ,JUN-2022,16:35, ,38c8a93b3f13949,[MAY CONTAIN PERSONALLY IDENTIFIABLE INFORMATION], ,[MAY CONTAIN PERSONALLY IDENTIFIABLE INFORMATION], ,[MAY CONTAIN PERSONALLY IDENTIFIABLE INFORMATION], ,Austin, ,TX ,[MAY CONTAIN PERSONALLY IDENTIFIABLE INFORMATION], ,Street,Dry,No Unusual Conditions,30, ,Daylight,Y, , , , , , , ,,Non-Motorist: Cyclist,No Injuries Reported,Yes,Proceeding Straight,,, , , , , , , , , , , ,Stopped,No,No,Yes,0, ,Y, , , , , , , , , , , , , , ,Y,Y, , ,No,, ,Yes,, ,, ,, ,"[REDACTED, MAY CONTAIN CONFIDENTIAL BUSINESS INFORMATION]",Y,"[REDACTED, MAY CONTAIN CONFIDENTIAL BUSINESS INFORMATION]",Y
30414-1718,1,Easymile Inc.,Monthly,10,2021,NOV-2021,VJRD1A10224, ,N/A,EZ10,GEN2, ,2018, ,55e7d3bb07f1df3,1894, ,In-Vehicle (Commercial / Test),"[REDACTED, MAY CONTAIN CONFIDENTIAL BUSINESS INFORMATION]", ,Y,, , ,, , ,, , ,,, , ,,,Yes,ADS,Colorado School of Mines, , , , ,Y, , , ,,OCT-2021, ,OCT-2021,15:15, ,73fa3c3b60dbdec,[MAY CONTAIN PERSONALLY IDENTIFIABLE INFORMATION], ,[MAY CONTAIN PERSONALLY IDENTIFIABLE INFORMATION], ,[MAY CONTAIN PERSONALLY IDENTIFIABLE INFORMATION], ,Golden, ,CO ,[MAY CONTAIN PERSONALLY IDENTIFIABLE INFORMATION], ,Street,Dry,No Unusual Conditions,9, ,Daylight,Y, , , , , , , ,,Non-Motorist: Cyclist,No Injuries Reported,No,Proceeding Straight,,, , , , , , , , , , , ,Stopped,No,No,No Passengers in Vehicle,7, , , , , , , , , , , ,Y, , , , ,Y, , , ,No,, ,Yes,, ,, ,, ,"[REDACTED, MAY CONTAIN CONFIDENTIAL BUSINESS INFORMATION]",Y,"[REDACTED, MAY CONTAIN CONFIDENTIAL BUSINESS INFORMATION]",Y
30414-1540,2,Easymile Inc.,10-Day Update,,,NOV-2021,VJRD1A10224, ,N/A,EZ10,GEN2, ,2018, ,55e7d3bb07f1df3,1894, ,In-Vehicle (Commercial / Test),"[REDACTED, MAY CONTAIN CONFIDENTIAL BUSINESS INFORMATION]", ,Y,, , ,, , ,, , ,,, , ,,,Yes,ADS,Colorado School of Mines, , , , ,Y, , , ,,OCT-2021, ,OCT-2021,15:15, ,73fa3c3b60dbdec,[MAY CONTAIN PERSONALLY IDENTIFIABLE INFORMATION], ,[MAY CONTAIN PERSONALLY IDENTIFIABLE INFORMATION], ,[MAY CONTAIN PERSONALLY IDENTIFIABLE INFORMATION], ,Golden, ,CO ,[MAY CONTAIN PERSONALLY IDENTIFIABLE INFORMATION], ,Street,Dry,No Unusual Conditions,9, ,Daylight,Y, , , , , , , ,,Non-Motorist: Cyclist,No Injuries Reported,No,Proceeding Straight,,, , , , , , , , , , , ,Stopped,No,No,No Passengers in Vehicle,7, , , , , , , , , , , ,Y, , , , ,Y, , , ,No,, ,Yes,, ,, ,, ,"[REDACTED, MAY CONTAIN CONFIDENTIAL BUSINESS INFORMATION]",Y,"[REDACTED, MAY CONTAIN CONFIDENTIAL BUSINESS INFORMATION]",Y
30414-1540,1,Easymile Inc.,1-Day,,,OCT-2021,VJRD1A10224, ,N/A,EZ10,GEN2, ,2018, ,55e7d3bb07f1df3,1894, ,In-Vehicle (Commercial / Test),"[REDACTED, MAY CONTAIN CONFIDENTIAL BUSINESS INFORMATION]", ,Y,, , ,, , ,, , ,,, , ,,,Yes,ADS,Colorado School of Mines, , , , ,Y, , , ,,OCT-2021, ,OCT-2021,15:15, ,73fa3c3b60dbdec,[MAY CONTAIN PERSONALLY IDENTIFIABLE INFORMATION], ,[MAY CONTAIN PERSONALLY IDENTIFIABLE INFORMATION], ,[MAY CONTAIN PERSONALLY IDENTIFIABLE INFORMATION], ,Golden, ,CO ,[MAY CONTAIN PERSONALLY IDENTIFIABLE INFORMATION], ,Street,Dry,No Unusual Conditions,9, ,Daylight,Y, , , , , , , ,,Non-Motorist: Cyclist,No Injuries Reported,No,Proceeding Straight,,, , , , , , , , , , , ,Stopped,No,No,No Passengers in Vehicle,7, , , , , , , , , , , ,Y, ,Y, , , , , , ,No,, ,Yes,, ,, ,, ,"[REDACTED, MAY CONTAIN CONFIDENTIAL BUSINESS INFORMATION]",Y,"[REDACTED, MAY CONTAIN CONFIDENTIAL BUSINESS INFORMATION]",Y