Report ID,Report Version,Reporting Entity,Report Type,Report Month,Report Year,Report Submission Date,VIN,VIN - Unknown,Serial Number,Make,Model,Model - Unknown,Model Year,Model Year - Unknown,Same Vehicle ID,Mileage,Mileage - Unknown,Driver / Operator Type,ADAS/ADS System Version,ADAS/ADS System Version - Unk,ADAS/ADS System Version CBI,ADAS/ADS Hardware Version,ADAS/ADS Hardware Version - Unk,ADAS/ADS Hardware Version CBI,ADAS/ADS Software Version,ADAS/ADS Software Version - Unk,ADAS/ADS Software Version CBI,Other Reporting Entities?,Other Reporting Entities? - Unk,Other Reporting Entities? - NA,Federal Regulatory Exemption?,Other Federal Reg. Exemption,Federal Reg. Exemption - Unk,Federal Reg. Exemption - No,State or Local Permit?,State or Local Permit,ADS Equipped?,Automation System Engaged?,Operating Entity,Operating Entity - Unknown,Source - Complaint/Claim,Source - Telematics,Source - Law Enforcement,Source - Field Report,Source - Testing,Source - Media,Source - Other,Source - Other Text,Incident Date,Incident Date - Unknown,Notice Received Date,Incident Time (24:00),Incident Time - Unknown,Same Incident ID,Latitude,Latitude - Unknown,Longitude,Longitude - Unknown,Address,Address - Unknown,City,City - Unknown,State,Zip Code,Zip Code - Unknown,Roadway Type,Roadway Surface,Roadway Description,Posted Speed Limit (MPH),Posted Speed Limit - Unknown,Lighting,Weather - Clear,Weather - Snow,Weather - Cloudy,Weather - Fog/Smoke,Weather - Rain,Weather - Severe Wind,Weather - Unknown,Weather - Other,Weather - Other Text,Crash With,Highest Injury Severity Alleged,Property Damage?,CP Pre-Crash Movement,CP Any Air Bags Deployed?,CP Was Vehicle Towed?,CP Contact Area - Rear Left,CP Contact Area - Left,CP Contact Area - Front Left,CP Contact Area - Rear,CP Contact Area - Top,CP Contact Area - Front,CP Contact Area - Rear Right,CP Contact Area - Right,CP Contact Area - Front Right,CP Contact Area - Bottom,CP Contact Area - Unknown,SV Pre-Crash Movement,SV Any Air Bags Deployed?,SV Was Vehicle Towed?,SV Were All Passengers Belted?,SV Precrash Speed (MPH),SV Pre-crash Speed - Unknown,SV Contact Area - Rear Left,SV Contact Area - Left,SV Contact Area - Front Left,SV Contact Area - Rear,SV Contact Area - Top,SV Contact Area - Front,SV Contact Area - Rear Right,SV Contact Area - Right,SV Contact Area - Front Right,SV Contact Area - Bottom,SV Contact Area - Unknown,Data Availability - EDR,Data Availability - Police Rpt,Data Availability - Telematics,Data Availability - Complaints,Data Availability - Video,Data Availability - Other,Data Availability - No Data,Data Availability - Unknown,Law Enforcement Investigating?,Investigating Agency,Investigating Agency - Unknown,Rep Ent Or Mfr Investigating?,Investigating Officer Name,Inv. Officer Name - Unknown,Investigating Officer Phone,Inv. Officer Phone - Unknown,Investigating Officer Email,Inv. Officer Email - Unknown,Within ODD?,Within ODD? - CBI,Narrative,Narrative - CBI?
30270-8039,1,Waymo LLC,1-Day,,,JUL-2024,SADHW2S18M1, ,N/A,Jaguar,I-Pace, ,2021, ,66e5f5ca1d65aee,112590, ,In-Vehicle (Commercial / Test),5th Generation ADS, , ,5th Generation, , ,Version 9, , ,, ,Y,,, ,Y,Yes (specify below),"CA DMV, CA PUC",Yes,ADS,Waymo LLC, , ,Y, , , ,Y, ,,JUL-2024, ,JUL-2024,12:59, ,46313087c8e64f4,[MAY CONTAIN PERSONALLY IDENTIFIABLE INFORMATION], ,[MAY CONTAIN PERSONALLY IDENTIFIABLE INFORMATION], ,[MAY CONTAIN PERSONALLY IDENTIFIABLE INFORMATION], ,San Francisco, ,CA ,[MAY CONTAIN PERSONALLY IDENTIFIABLE INFORMATION], ,Parking Lot,Dry,No Unusual Conditions,5, ,Daylight,Y, , , , , , , ,,Non-Motorist: Cyclist,Unknown,No,NM Moving on Sidewalk,,, , , , , , , , , , , ,Stopped,No,No,No Passengers in Vehicle,0, , , , , , , , , ,Y, , , , ,Y, ,Y, , , ,Yes,SFPD, ,Yes,[MAY CONTAIN PERSONALLY IDENTIFIABLE INFORMATION], ,[MAY CONTAIN PERSONALLY IDENTIFIABLE INFORMATION], ,,Y,Yes, ,"On July [XXX], 2024, at 12:59 PM PT a Waymo Autonomous Vehicle (""Waymo AV"") operating in [XXX], California was involved in an alleged collision with a non-motorist (cyclist) at a parking garage exit on [XXX] between [XXX] and [XXX]. 
The Waymo AV was exiting a parking garage onto [XXX], between [XXX] and [XXX]. As the Waymo AV approached the garage exit, it stopped for a cyclist who was approaching from the left. The Waymo AV remained stationary as the cyclist passed in front of the vehicle, slowed, and appeared to begin to dismount. The cyclist then reached out a hand and made contact with the front passenger side of the stationary Waymo AV, backed the bicycle up slightly, dropped the bicycle, then fell to the ground. 
At the time of the possible impact, the Waymo AV's Level 4 ADS was engaged in autonomous mode, and a test driver was present. The cyclist received medical attention at the scene and was reportedly transported to a hospital by local emergency services. The Waymo AV did not sustain any damage. 
Even though this event may involve intentional contact by the bicyclist with a stationary Waymo AV and the occurrence of actual impact between the Waymo AV and the cycle is not clear, Waymo is reporting this event as a crash under Request No. 1 of Standing General Order 2021-01 because a media report included an allegation of a crash and because a vulnerable road user (cyclist) influenced the driving task of a vehicle involved and reportedly was transported to a hospital for medical treatment as a result of the event. Waymo may supplement or correct its reporting with additional information as it may become available.",
30270-7075,2,Waymo LLC,10-Day Update,,,FEB-2024,SADHW2S15M1, ,N/A,Jaguar,I-Pace, ,2021, ,85fbc85393c7d1d,86181, ,None,5th Generation, , ,5th Generation, , ,Version 8, , ,, ,Y,,, ,Y,Yes (specify below),"DMV, CPUC",Yes,ADS,Waymo LLC, , ,Y, , , , , ,,FEB-2024, ,FEB-2024,14:34, ,35b627077003d07,[MAY CONTAIN PERSONALLY IDENTIFIABLE INFORMATION], ,[MAY CONTAIN PERSONALLY IDENTIFIABLE INFORMATION], ,[MAY CONTAIN PERSONALLY IDENTIFIABLE INFORMATION], ,San Francisco, ,CA ,[MAY CONTAIN PERSONALLY IDENTIFIABLE INFORMATION], ,Intersection,Dry,No Unusual Conditions,25, ,Daylight,Y, , , , , , , ,,Non-Motorist: Cyclist,Minor,Yes,Making Left Turn,,, , , , , , , , , , , ,Proceeding Straight,No,No,Yes,11, , , , , , , , , ,Y, , , , ,Y, ,Y,Y, , ,Yes,San Francisco Police Department, ,Yes,[MAY CONTAIN PERSONALLY IDENTIFIABLE INFORMATION], ,,Y,,Y,Yes, ,"The Waymo AVs listed mph has been updated, and this narrative has been updated to reflect additional information obtained since the initial report was submitted on February 7, 2024 [REDACTED, MAY CONTAIN CONFIDENTIAL BUSINESS INFORMATION]. 
On February [XXX], 2024 at 2:34 PM PT a Waymo Autonomous Vehicle (Waymo AV) operating in San Francisco, California was in a collision involving a bicyclist on [XXX] at [XXX].
The Waymo AV was traveling westbound on [XXX] and came to a stop at a 4-way stop sign intersection at [XXX]. When it was the Waymo AVs turn at the intersection, the Waymo AV entered the intersection to proceed straight. At this point, a delivery truck traveling eastbound on [XXX] was already in the middle of the intersection (the delivery truck arrived at its stop sign first and proceeded into the intersection before the Waymo AV). As the Waymo AV passed the rear of the delivery truck, an occluded bicyclist who was traveling behind the delivery truck became visible and was making a sharp left turn onto northbound [XXX], in front of the Waymo AVs path. The cyclist had entered the 4-way stop intersection without stopping or yielding. The Waymo AV detected the bicyclist, applied heavy braking, but was unable to avoid contact with the bicyclist before coming to a full stop. 
At the time of the impact, the Waymo AVs Level 4 ADS was engaged in autonomous mode. The Waymo AV sustained minor body damage, and the bicyclist reported minor injuries and damage to their bicycle. The Waymo AV remained stopped in the intersection for approximately one minute, and after the path was clear, resumed driving for a short period of time. The Waymo AV was then returned to the scene by one of Waymos roadside assistance specialists. The Waymo AV did not require towing and was returned to the depot in manual mode.
Waymo is reporting this crash under Request No. 1 of Standing General Order 2021-01 because a vulnerable road user was involved. Waymo may supplement or correct its reporting with additional information as it may become available.",
30270-7075,1,Waymo LLC,1-Day,,,FEB-2024,SADHW2S15M1, ,N/A,Jaguar,I-Pace, ,2021, ,85fbc85393c7d1d,86181, ,None,5th Generation, , ,5th Generation, , ,Version 8, , ,, ,Y,,, ,Y,Yes (specify below),"DMV, CPUC",Yes,ADS,Waymo LLC, , ,Y, , , , , ,,FEB-2024, ,FEB-2024,14:34, ,35b627077003d07,[MAY CONTAIN PERSONALLY IDENTIFIABLE INFORMATION], ,[MAY CONTAIN PERSONALLY IDENTIFIABLE INFORMATION], ,[MAY CONTAIN PERSONALLY IDENTIFIABLE INFORMATION], ,San Francisco, ,CA ,[MAY CONTAIN PERSONALLY IDENTIFIABLE INFORMATION], ,Intersection,Dry,No Unusual Conditions,25, ,Daylight,Y, , , , , , , ,,Non-Motorist: Cyclist,Minor,Yes,Making Left Turn,,, , , , , , , , , , , ,Proceeding Straight,No,No,Yes,7, , , , , , , , , ,Y, , , , ,Y, ,Y,Y, , ,Yes,San Francisco Police Department, ,Yes,[MAY CONTAIN PERSONALLY IDENTIFIABLE INFORMATION], ,,Y,,Y,Yes, ,"On February [XXX], 2024 at 2:34 PM PT a Waymo Autonomous Vehicle (Waymo AV) operating in San Francisco, California was in a collision involving a bicyclist on [XXX] at [XXX].
The Waymo AV was traveling westbound on [XXX] and came to a stop at a 4-way stop sign intersection at [XXX]. When it was the Waymo AVs turn at the intersection, the Waymo AV entered the intersection to proceed straight. At this point, a delivery truck traveling eastbound on [XXX] was already in the middle of the intersection (the delivery truck arrived at its stop sign first and proceeded into the intersection before the Waymo AV). As the Waymo AV passed the rear of the delivery truck, an occluded bicyclist who was traveling behind the delivery truck became visible and was making a sharp left turn onto northbound [XXX], in front of the Waymo AVs path. The Waymo AV detected the bicyclist, applied heavy braking, but was unable to avoid contact with the bicyclist before coming to a full stop. 
At the time of the impact, the Waymo AVs Level 4 ADS was engaged in autonomous mode. The Waymo AV sustained minor body damage, and to our knowledge, the bicyclist reported only minor injuries. The Waymo AV remained stopped in the intersection for approximately one minute, and after the path was clear resumed driving for a short period of time. The Waymo AV was then returned to the scene by one of Waymos roadside assistance specialists. The Waymo AV did not require towing and was returned to the depot in manual mode.
Waymo is reporting this crash under Request No. 1 of Standing General Order 2021-01 because a vulnerable road user was involved. Waymo may supplement or correct its reporting with additional information as it may become available.",
30531-6532,2,Transdev Alternative Services,10-Day Update,,,OCT-2023,SADHW2S12M1, ,N/A,Jaguar,I-Pace, ,2021, ,1d6132bddbe10e4,78568, ,In-Vehicle (Commercial / Test),5th Generation, , ,5th Generation, , ,Version 8, , ,Waymo LLC, , ,,, ,Y,Yes (specify below),"DMV, CPUC",Yes,ADS,Waymo LLC, , ,Y, , , , , ,,OCT-2023, ,OCT-2023,9:24, ,d088b81d0aea602,[MAY CONTAIN PERSONALLY IDENTIFIABLE INFORMATION], ,[MAY CONTAIN PERSONALLY IDENTIFIABLE INFORMATION], ,[MAY CONTAIN PERSONALLY IDENTIFIABLE INFORMATION], ,San Francisco, ,CA ,[MAY CONTAIN PERSONALLY IDENTIFIABLE INFORMATION], ,Intersection,Dry,No Unusual Conditions,25, ,Daylight,Y, , , , , , , ,,Non-Motorist: Cyclist,No Injuries Reported,Yes,Proceeding Straight,,, , , , , , , , , , , ,Making Right Turn,No,No,Yes,13, , , , , , , , ,Y, , , , , ,Y, ,Y,Y, , ,No,, ,Yes,, ,, ,, ,Yes, ,"The content of this report is unchanged from the initial report submitted [REDACTED, MAY CONTAIN CONFIDENTIAL BUSINESS INFORMATION].
On October [XXX], 2023 at 9:24 AM PT a Waymo Autonomous Vehicle (""Waymo AV"") operating in San Francisco, California was in a collision involving a cyclist on [XXX] at [XXX].
The Waymo AV was in autonomous mode on eastbound [XXX] preparing to make a right turn onto southbound [XXX] and had stopped to yield, first for pedestrians to cross [XXX] and then for a cyclist approaching from behind traveling eastbound on the sidewalk of [XXX].  As the pedestrians finished crossing [XXX] but before the cyclist had reached [XXX], the Waymo AV test driver took manual control of the Waymo AV and began to accelerate and perform the right turn onto [XXX].  After the Waymo AV entered the crosswalk, the cyclist entered the crosswalk and made contact with the passenger's rear quarter panel of the Waymo AVE. At the time of the impact, the Waymo AV's Level 4 ADS was not engaged and a test driver was operating the vehicle.
Transdev Alternative Services is reporting a duplicate report from report number: 30270-6529-1.",
30270-6529,2,Waymo LLC,10-Day Update,,,OCT-2023,SADHW2S12M1, ,N/A,Jaguar,I-Pace, ,2021, ,1d6132bddbe10e4,78568, ,In-Vehicle (Commercial / Test),5th Generation, , ,5th Generation, , ,Version 8, , ,Transdev Alternative Services, , ,,, ,Y,Yes (specify below),"DMV, CPUC",Yes,ADS,Waymo LLC, , ,Y, , , , , ,,OCT-2023, ,OCT-2023,9:24, ,d088b81d0aea602,[MAY CONTAIN PERSONALLY IDENTIFIABLE INFORMATION], ,[MAY CONTAIN PERSONALLY IDENTIFIABLE INFORMATION], ,[MAY CONTAIN PERSONALLY IDENTIFIABLE INFORMATION], ,San Francisco, ,CA ,[MAY CONTAIN PERSONALLY IDENTIFIABLE INFORMATION], ,Intersection,Dry,No Unusual Conditions,25, ,Daylight,Y, , , , , , , ,,Non-Motorist: Cyclist,No Injuries Reported,Yes,Proceeding Straight,,, , , , , , , , , , , ,Making Right Turn,No,No,Yes,13, , , , , , , , ,Y, , , , , ,Y, ,Y,Y, , ,No,, ,Yes,, ,, ,, ,Yes, ,"The content of this report is unchanged from the initial report submitted on October 18, 2023 [REDACTED, MAY CONTAIN CONFIDENTIAL BUSINESS INFORMATION]. 
On October [XXX], 2023 at 9:24 AM PT a Waymo Autonomous Vehicle (Waymo AV) operating in San Francisco, California was in a collision involving a cyclist on [XXX] at [XXX]. 
The Waymo AV was in autonomous mode on eastbound [XXX] preparing to make a right turn onto southbound [XXX] and had stopped to yield, first for pedestrians to cross [XXX] and then for a cyclist approaching from behind traveling eastbound on the sidewalk of [XXX]. As the pedestrians finished crossing [XXX] but before the cyclist had reached [XXX], the Waymo AV test driver took manual control of the Waymo AV and began to accelerate and perform the right turn onto [XXX]. After the Waymo AV entered the crosswalk, the cyclist entered the crosswalk and made contact with the passengers rear quarter panel of the Waymo AV. At the time of the impact, the Waymo AVs Level 4 ADS was not engaged and a test driver was operating the Waymo AV in manual mode. The Waymo AV sustained damage.
Waymo is reporting this crash under Request No. 1 of Standing General Order 2021-01 because a vulnerable road user was involved. Waymo may supplement or correct its reporting with additional information as it may become available.",
30531-6532,1,Transdev Alternative Services,1-Day,,,OCT-2023,SADHW2S12M1, ,N/A,Jaguar,I-Pace, ,2021, ,1d6132bddbe10e4,78568, ,In-Vehicle (Commercial / Test),5th Generation, , ,5th Generation, , ,Version 8, , ,Waymo LLC, , ,,, ,Y,Yes (specify below),"DMV, CPUC",Yes,ADS,Waymo LLC, , ,Y, , , , , ,,OCT-2023, ,OCT-2023,9:24, ,d088b81d0aea602,[MAY CONTAIN PERSONALLY IDENTIFIABLE INFORMATION], ,[MAY CONTAIN PERSONALLY IDENTIFIABLE INFORMATION], ,[MAY CONTAIN PERSONALLY IDENTIFIABLE INFORMATION], ,San Francisco, ,CA ,[MAY CONTAIN PERSONALLY IDENTIFIABLE INFORMATION], ,Intersection,Dry,No Unusual Conditions,25, ,Daylight,Y, , , , , , , ,,Non-Motorist: Cyclist,No Injuries Reported,Yes,Proceeding Straight,,, , , , , , , , , , , ,Making Right Turn,No,No,Yes,13, , , , , , , , ,Y, , , , , ,Y, ,Y,Y, , ,No,, ,Yes,, ,, ,, ,Yes, ,"On October [XXX], 2023 at 9:24 AM PT a Waymo Autonomous Vehicle (""Waymo AV"") operating in San Francisco, California was in a collision involving a cyclist on [XXX] at [XXX].
The Waymo AV was in autonomous mode on eastbound [XXX] preparing to make a right turn onto southbound [XXX] and had stopped to yield, first for pedestrians to cross [XXX] and then for a cyclist approaching from behind traveling eastbound on the sidewalk of [XXX].  As the pedestrians finished crossing [XXX] but before the cyclist had reached [XXX], the Waymo AV test driver took manual control of the Waymo AV and began to accelerate and perform the right turn onto [XXX].  After the Waymo AV entered the crosswalk, the cyclist entered the crosswalk and made contact with the passenger's rear quarter panel of the Waymo AVE. At the time of the impact, the Waymo AV's Level 4 ADS was not engaged and a test driver was operating the vehicle.
Transdev Alternative Services is reporting a duplicate report from report number: 30270-6529-1.",
30270-6529,1,Waymo LLC,1-Day,,,OCT-2023,SADHW2S12M1, ,N/A,Jaguar,I-Pace, ,2021, ,1d6132bddbe10e4,78568, ,In-Vehicle (Commercial / Test),5th Generation, , ,5th Generation, , ,Version 8, , ,Transdev Alternative Services, , ,,, ,Y,Yes (specify below),"DMV, CPUC",Yes,ADS,Waymo LLC, , ,Y, , , , , ,,OCT-2023, ,OCT-2023,9:24, ,d088b81d0aea602,[MAY CONTAIN PERSONALLY IDENTIFIABLE INFORMATION], ,[MAY CONTAIN PERSONALLY IDENTIFIABLE INFORMATION], ,[MAY CONTAIN PERSONALLY IDENTIFIABLE INFORMATION], ,San Francisco, ,CA ,[MAY CONTAIN PERSONALLY IDENTIFIABLE INFORMATION], ,Intersection,Dry,No Unusual Conditions,25, ,Daylight,Y, , , , , , , ,,Non-Motorist: Cyclist,No Injuries Reported,Yes,Proceeding Straight,,, , , , , , , , , , , ,Making Right Turn,No,No,Yes,13, , , , , , , , ,Y, , , , , ,Y, ,Y,Y, , ,No,, ,Yes,, ,, ,, ,Yes, ,"On October [XXX], 2023 at 9:24 AM PT a Waymo Autonomous Vehicle (Waymo AV) operating in San Francisco, California was in a collision involving a cyclist on [XXX] at [XXX]. 
The Waymo AV was in autonomous mode on eastbound [XXX] preparing to make a right turn onto southbound [XXX] and had stopped to yield, first for pedestrians to cross [XXX] and then for a cyclist approaching from behind traveling eastbound on the sidewalk of [XXX]. As the pedestrians finished crossing [XXX] but before the cyclist had reached [XXX], the Waymo AV test driver took manual control of the Waymo AV and began to accelerate and perform the right turn onto [XXX]. After the Waymo AV entered the crosswalk, the cyclist entered the crosswalk and made contact with the passengers rear quarter panel of the Waymo AV. At the time of the impact, the Waymo AVs Level 4 ADS was not engaged and a test driver was operating the Waymo AV in manual mode. The Waymo AV sustained damage.
Waymo is reporting this crash under Request No. 1 of Standing General Order 2021-01 because a vulnerable road user was involved. Waymo may supplement or correct its reporting with additional information as it may become available.",
30270-6344,1,Waymo LLC,Monthly,8,2023,SEP-2023,SADHW2S14M1, ,N/A,Jaguar,I-Pace, ,2021, ,71efe539834c36e,68966, ,In-Vehicle (Commercial / Test),5th Generation ADS, , ,5th Generation, , ,Version 8, , ,Transdev Alternative Services, , ,,, ,Y,Yes (specify below),"CA DMV, CA PUC",Yes,ADS,Waymo LLC, , ,Y, , , , , ,,AUG-2023, ,AUG-2023,17:48, ,1760af8f89bba3e,[MAY CONTAIN PERSONALLY IDENTIFIABLE INFORMATION], ,[MAY CONTAIN PERSONALLY IDENTIFIABLE INFORMATION], ,[MAY CONTAIN PERSONALLY IDENTIFIABLE INFORMATION], ,San Francisco, ,CA ,[MAY CONTAIN PERSONALLY IDENTIFIABLE INFORMATION], ,Street,Dry,No Unusual Conditions,25, ,Daylight,Y, , , , , , , ,,Non-Motorist: Cyclist,No Injuries Reported,Yes,Proceeding Straight,,, , , , , , , , , , , ,Stopped,No,No,No Passengers in Vehicle,0, , ,Y, , , , , , , , , , , ,Y, ,Y,Y, , ,No,, ,Yes,, ,, ,, ,Yes, ,"On August [XXX], 2023 at 5:49 PM PT the mirror of a Waymo Autonomous Vehicle (""Waymo AV"") operating in San Francisco, CA was struck by a cyclist on [XXX]. Drive at [XXX].
The Waymo AV was stopped in traffic on eastbound [XXX] Drive at the intersection with [XXX], when a cyclist that had been traveling behind the Waymo AV passed the Waymo AV on the left. As the cyclist passed the Waymo AV, the cyclist made contact with the driver side mirror of the Waymo AV. At the time of the impact, the Waymo AV's Level 4 ADS was engaged in autonomous mode, and a test driver was present (in the driver's seating position). The Waymo AV sustained damage and the cyclist did not stop, leaving the scene without exchanging information.
Waymo is reporting this crash under Request No. 2 of Standing General Order 2021-01. Waymo may supplement or correct its reporting with additional information as it may become available.",
540-6151,2,"General Motors, LLC",10-Day Update,,,AUG-2023,5G21A6P06P4, ,N/A,Cruise,AV, ,2023, ,51ea6e175307551,106677, ,Remote (Commercial / Test),,Y, ,,Y, ,,Y, ,Cruise LLC, , ,,, ,Y,Yes (specify below),CA,Yes,ADS,Cruise LLC, , ,Y, ,Y, , , ,,AUG-2023, ,AUG-2023,08:45, ,4a83312a10c2a30,[MAY CONTAIN PERSONALLY IDENTIFIABLE INFORMATION], ,[MAY CONTAIN PERSONALLY IDENTIFIABLE INFORMATION], ,[MAY CONTAIN PERSONALLY IDENTIFIABLE INFORMATION], ,San Frabcisco, ,CA ,[MAY CONTAIN PERSONALLY IDENTIFIABLE INFORMATION], ,Intersection,Dry,No Unusual Conditions,20, ,Daylight,Y, , , , , , , ,,Non-Motorist: Cyclist,Minor,No,Proceeding Straight,,, , , , , , , , , , , ,Backing,No,No,Yes,1, , , , , , , ,Y, , , , ,Y, ,Y, ,Y,Y, , ,No,, ,Yes,, ,, ,, ,"Unknown, see Narrative", ,"On August 25, 2023, GM Cruise Holdings LLC (""Cruise"") filed a 10 Day Update Incident Report (the ""Report"") under the Second Amended Standing General Order 2021-01, dated April 5, 2023 (the ""Order"") General Motors LLC (GM) manufactured the Cruise-operated motor vehicle involved in the incident summarized in the Incident Report. Because GM is also a Reporting Entity under the Order, GM is submitting a duplicate of the redacted public copy of the Report. GM has selected ""Unknown"" in the ""ADS version"" and ""ODD time"" fields solely to avoid a second submission of nonpublic Cruise CBI GM is in possession of Cruise's responses to these fields, and incorporates Cruise's responses into this submission by reference. GM's submission is based on facts supplied to GM by Cruise. GM has not investigated the alleged incident and currently believes, based on a reasonable inquiry, that it has no independent knowledge of the facts in the Report. (Reference file: 30412-6145-2)",
30412-6145,2,Cruise LLC,10-Day Update,,,AUG-2023,5G21A6P06P4, ,N/A,Cruise,AV, ,2023, ,51ea6e175307551,106677, ,Remote (Commercial / Test),"[REDACTED, MAY CONTAIN CONFIDENTIAL BUSINESS INFORMATION]", ,Y,"[REDACTED, MAY CONTAIN CONFIDENTIAL BUSINESS INFORMATION]", ,Y,"[REDACTED, MAY CONTAIN CONFIDENTIAL BUSINESS INFORMATION]", ,Y,"General Motors, LLC", , ,,, ,Y,Yes (specify below),CA,Yes,ADS,Cruise LLC, , ,Y, ,Y, , , ,,AUG-2023, ,AUG-2023,08:45, ,250a095dea0e0fd,[MAY CONTAIN PERSONALLY IDENTIFIABLE INFORMATION], ,[MAY CONTAIN PERSONALLY IDENTIFIABLE INFORMATION], ,[MAY CONTAIN PERSONALLY IDENTIFIABLE INFORMATION], ,San Francisco, ,CA ,[MAY CONTAIN PERSONALLY IDENTIFIABLE INFORMATION], ,Intersection,Dry,No Unusual Conditions,20, ,Daylight,Y, , , , , , , ,,Non-Motorist: Cyclist,Minor,No,Proceeding Straight,,, , , , , , , , , , , ,Backing,No,No,Yes,1, , , , , , , ,Y, , , , ,Y, ,Y, ,Y,Y, , ,No,, ,Yes,, ,, ,, ,"[REDACTED, MAY CONTAIN CONFIDENTIAL BUSINESS INFORMATION]",Y,"There are no updates related to this incident since the original submission on August 18, 2023. Cruise autonomous vehicle (""AV""), operating in driverless autonomous mode, was traveling northbound on [XXX] between [XXX] and [XXX]. The AV initiated a right turn onto [XXX] before reversing due to a large trailer blocking part of the lane of travel. As the AV began to reverse, a cyclist traveling northbound on [XXX] made contact with the rear of the AV. The parties exchanged information. There were no damages to the AV and the cyclist reported injuries. [REDACTED, MAY CONTAIN CONFIDENTIAL BUSINESS INFORMATION]",Y