Report ID,Report Version,Reporting Entity,Report Type,Report Month,Report Year,Report Submission Date,VIN,VIN - Unknown,Serial Number,Make,Model,Model - Unknown,Model Year,Model Year - Unknown,Same Vehicle ID,Mileage,Mileage - Unknown,Driver / Operator Type,ADAS/ADS System Version,ADAS/ADS System Version - Unk,ADAS/ADS System Version CBI,ADAS/ADS Hardware Version,ADAS/ADS Hardware Version - Unk,ADAS/ADS Hardware Version CBI,ADAS/ADS Software Version,ADAS/ADS Software Version - Unk,ADAS/ADS Software Version CBI,Other Reporting Entities?,Other Reporting Entities? - Unk,Other Reporting Entities? - NA,Federal Regulatory Exemption?,Other Federal Reg. Exemption,Federal Reg. Exemption - Unk,Federal Reg. Exemption - No,State or Local Permit?,State or Local Permit,ADS Equipped?,Automation System Engaged?,Operating Entity,Operating Entity - Unknown,Source - Complaint/Claim,Source - Telematics,Source - Law Enforcement,Source - Field Report,Source - Testing,Source - Media,Source - Other,Source - Other Text,Incident Date,Incident Date - Unknown,Notice Received Date,Incident Time (24:00),Incident Time - Unknown,Same Incident ID,Latitude,Latitude - Unknown,Longitude,Longitude - Unknown,Address,Address - Unknown,City,City - Unknown,State,Zip Code,Zip Code - Unknown,Roadway Type,Roadway Surface,Roadway Description,Posted Speed Limit (MPH),Posted Speed Limit - Unknown,Lighting,Weather - Clear,Weather - Snow,Weather - Cloudy,Weather - Fog/Smoke,Weather - Rain,Weather - Severe Wind,Weather - Unknown,Weather - Other,Weather - Other Text,Crash With,Highest Injury Severity Alleged,Property Damage?,CP Pre-Crash Movement,CP Any Air Bags Deployed?,CP Was Vehicle Towed?,CP Contact Area - Rear Left,CP Contact Area - Left,CP Contact Area - Front Left,CP Contact Area - Rear,CP Contact Area - Top,CP Contact Area - Front,CP Contact Area - Rear Right,CP Contact Area - Right,CP Contact Area - Front Right,CP Contact Area - Bottom,CP Contact Area - Unknown,SV Pre-Crash Movement,SV Any Air Bags Deployed?,SV Was Vehicle Towed?,SV Were All Passengers Belted?,SV Precrash Speed (MPH),SV Pre-crash Speed - Unknown,SV Contact Area - Rear Left,SV Contact Area - Left,SV Contact Area - Front Left,SV Contact Area - Rear,SV Contact Area - Top,SV Contact Area - Front,SV Contact Area - Rear Right,SV Contact Area - Right,SV Contact Area - Front Right,SV Contact Area - Bottom,SV Contact Area - Unknown,Data Availability - EDR,Data Availability - Police Rpt,Data Availability - Telematics,Data Availability - Complaints,Data Availability - Video,Data Availability - Other,Data Availability - No Data,Data Availability - Unknown,Law Enforcement Investigating?,Investigating Agency,Investigating Agency - Unknown,Rep Ent Or Mfr Investigating?,Investigating Officer Name,Inv. Officer Name - Unknown,Investigating Officer Phone,Inv. Officer Phone - Unknown,Investigating Officer Email,Inv. Officer Email - Unknown,Within ODD?,Within ODD? - CBI,Narrative,Narrative - CBI?
502-3914,2,Ford Motor Company,10-Day Update,,,OCT-2022,1FMCU0DZ3LU, ,N/A,Ford,Escape, ,2020, ,9a0d2b6602a2ffb,4006, ,In-Vehicle (Commercial / Test),"[REDACTED, MAY CONTAIN CONFIDENTIAL BUSINESS INFORMATION]", ,Y,, , ,, , ,, , ,,, , ,,,Yes,ADS,Argo AI, , , , ,Y,Y, , ,,SEP-2022, ,SEP-2022,17:24, ,0bbd9f4a21e80a6,[MAY CONTAIN PERSONALLY IDENTIFIABLE INFORMATION], ,[MAY CONTAIN PERSONALLY IDENTIFIABLE INFORMATION], ,[MAY CONTAIN PERSONALLY IDENTIFIABLE INFORMATION], ,Palo Alto, ,CA ,[MAY CONTAIN PERSONALLY IDENTIFIABLE INFORMATION], ,Street,Dry,No Unusual Conditions,25, ,Daylight,Y, , , , , , , ,,Non-Motorist: Cyclist,No Injuries Reported,Yes,"Other, see Narrative",,, , , , , , , , , , , ,Proceeding Straight,No,No,Yes,21, , , , , , , , ,Y, , , , , , , ,Y,Y, , ,No,, ,Yes,, ,, ,, ,"[REDACTED, MAY CONTAIN CONFIDENTIAL BUSINESS INFORMATION]",Y,2022-10-[XXX] - Submission of 10-Day Update reported by Argo AI to Ford (Report # 30290-3913-2): Argo AI has not received notice of any material new or materially different information about this incident.,
30290-3913,2,Argo AI,10-Day Update,,,OCT-2022,1FMCU0DZ3LU, ,N/A,Ford,Escape, ,2020, ,9a0d2b6602a2ffb,4006, ,In-Vehicle (Commercial / Test),"[REDACTED, MAY CONTAIN CONFIDENTIAL BUSINESS INFORMATION]", ,Y,, , ,, , ,, , ,,, , ,,,Yes,ADS,Argo AI, , , , ,Y,Y, , ,,SEP-2022, ,SEP-2022,17:24, ,0bbd9f4a21e80a6,[MAY CONTAIN PERSONALLY IDENTIFIABLE INFORMATION], ,[MAY CONTAIN PERSONALLY IDENTIFIABLE INFORMATION], ,[MAY CONTAIN PERSONALLY IDENTIFIABLE INFORMATION], ,Palo Alto, ,CA ,[MAY CONTAIN PERSONALLY IDENTIFIABLE INFORMATION], ,Street,Dry,No Unusual Conditions,25, ,Daylight,Y, , , , , , , ,,Non-Motorist: Cyclist,No Injuries Reported,Yes,"Other, see Narrative",,, , , , , , , , , , , ,Proceeding Straight,No,No,Yes,21, , , , , , , , ,Y, , , , , , , ,Y,Y, , ,No,, ,Yes,, ,, ,, ,"[REDACTED, MAY CONTAIN CONFIDENTIAL BUSINESS INFORMATION]",Y,2022-10-[XXX]- Submission of 10 Day Update for Report 30290-3913-1: Argo AI has not received notice of any material new or materially different information about this incident.,
502-3914,1,Ford Motor Company,1-Day,,,SEP-2022,1FMCU0DZ3LU, ,N/A,Ford,Escape, ,2020, ,9a0d2b6602a2ffb,4006, ,In-Vehicle (Commercial / Test),"[REDACTED, MAY CONTAIN CONFIDENTIAL BUSINESS INFORMATION]", ,Y,, , ,, , ,, , ,,, , ,,,Yes,ADS,Argo AI, , , , ,Y,Y, , ,,SEP-2022, ,SEP-2022,17:24, ,0bbd9f4a21e80a6,[MAY CONTAIN PERSONALLY IDENTIFIABLE INFORMATION], ,[MAY CONTAIN PERSONALLY IDENTIFIABLE INFORMATION], ,[MAY CONTAIN PERSONALLY IDENTIFIABLE INFORMATION], ,Palo Alto, ,CA ,[MAY CONTAIN PERSONALLY IDENTIFIABLE INFORMATION], ,Street,Dry,No Unusual Conditions,25, ,Daylight,Y, , , , , , , ,,Non-Motorist: Cyclist,No Injuries Reported,Yes,"Other, see Narrative",,, , , , , , , , , , , ,Proceeding Straight,No,No,Yes,21, , , , , , , , ,Y, , , , , , , ,Y,Y, , ,No,, ,Yes,, ,, ,, ,"[REDACTED, MAY CONTAIN CONFIDENTIAL BUSINESS INFORMATION]",Y,"As reported by Argo AI to Ford on September [XXX], 2022 (Report # 30290-3913-1), an Argo AI Autonomous Vehicle (""Argo AV"") was impacted by a cyclist while traveling east on [XXX] and approaching [XXX]. The Argo AV was traveling in its lane adjacent to a cyclist who was traveling in a marked bike lane. As the Argo AV was passing the cyclist (while maintaining more than 2 meters of lateral margin), the cyclist veered left into the Argo AV's lane. In response, the Argo AV steered away from the cyclist, but the cyclist continued into the lane and the bicycle's left handlebar made contact with the Argo AV's passenger side door handle. The Test Specialist brought the AV to a stop. The cyclist maintained balance, continued to cross the lanes behind the stopped Argo AV, and left the scene after a brief conversation with the left seat Test Specialist, during which the cyclist indicated that he was fine and apologized. The Argo AV sustained minor damage to its passenger side door handle.
""Other"" data availability: test vehicle data",
30290-3913,1,Argo AI,1-Day,,,SEP-2022,1FMCU0DZ3LU, ,N/A,Ford,Escape, ,2020, ,9a0d2b6602a2ffb,4006, ,In-Vehicle (Commercial / Test),"[REDACTED, MAY CONTAIN CONFIDENTIAL BUSINESS INFORMATION]", ,Y,, , ,, , ,, , ,,, , ,,,Yes,ADS,Argo AI, , , , ,Y,Y, , ,,SEP-2022, ,SEP-2022,17:24, ,0bbd9f4a21e80a6,[MAY CONTAIN PERSONALLY IDENTIFIABLE INFORMATION], ,[MAY CONTAIN PERSONALLY IDENTIFIABLE INFORMATION], ,[MAY CONTAIN PERSONALLY IDENTIFIABLE INFORMATION], ,Palo Alto, ,CA ,[MAY CONTAIN PERSONALLY IDENTIFIABLE INFORMATION], ,Street,Dry,No Unusual Conditions,25, ,Daylight,Y, , , , , , , ,,Non-Motorist: Cyclist,No Injuries Reported,Yes,"Other, see Narrative",,, , , , , , , , , , , ,Proceeding Straight,No,No,Yes,21, , , , , , , , ,Y, , , , , , , ,Y,Y, , ,No,, ,Yes,, ,, ,, ,"[REDACTED, MAY CONTAIN CONFIDENTIAL BUSINESS INFORMATION]",Y,"An Argo AI Autonomous Vehicle (""Argo AV"") was impacted by a cyclist while traveling east on [XXX] and approaching [XXX]. The Argo AV was traveling in its lane adjacent to a cyclist who was traveling in a marked bike lane. As the Argo AV was passing the cyclist (while maintaining more than 2 meters of lateral margin), the cyclist veered left into the Argo AVs lane. In response, the Argo AV steered away from the cyclist, but the cyclist continued into the lane and the bicycle's left handlebar made contact with the Argo AVs passenger side door handle. The Test Specialist brought the AV to a stop. The cyclist maintained balance, continued to cross the lanes behind the stopped Argo AV, and left the scene after a brief conversation with the left seat Test Specialist, during which the cyclist indicated that he was fine and apologized. The Argo AV sustained minor damage to its passenger side door handle.
""Other"" data availability: test vehicle data.",
30610-3752,2,"Zoox, Inc.",10-Day Update,,,SEP-2022,5TDDCRFH1GS, ,N/A,Toyota,Highlander, ,2016, ,2bb8d67435b9951,,Y,In-Vehicle (Commercial / Test),04.22.09.01, , ,, , ,, , ,, , ,,, , ,,,Yes,ADS,Zoox, , , , ,Y,Y, , ,,SEP-2022, ,SEP-2022,11:30, ,1e802a0a2cb0266,[MAY CONTAIN PERSONALLY IDENTIFIABLE INFORMATION], ,[MAY CONTAIN PERSONALLY IDENTIFIABLE INFORMATION], ,[MAY CONTAIN PERSONALLY IDENTIFIABLE INFORMATION], ,San Francisco, ,CA ,[MAY CONTAIN PERSONALLY IDENTIFIABLE INFORMATION], ,Street,Dry,No Unusual Conditions,,Y,Daylight,Y, , , , , , , ,,Non-Motorist: Cyclist,No Injuries Reported,Yes,"Other, see Narrative",,, , , , , , , , , , , ,"Other, see Narrative",No,No,Yes,2, , , , , , , ,Y, , , , , , ,Y, ,Y, , , ,No,, ,No,, ,, ,, ,Yes, ,"A Zoox vehicle in autonomy was slowing for a right turn from [XXX] to [XXX] in San Francisco, CA with its turn indicator and brake lights illuminated, when a following bicyclist struck the rear right corner of the Zoox vehicle. The Zoox vehicle camera bracket was damaged. Police were not called and no injuries were reported. This 10-Day update provides complete information for this incident.",
30610-3752,1,"Zoox, Inc.",1-Day,,,SEP-2022,5TDDCRFH1GS, ,N/A,Toyota,Highlander, ,2016, ,2bb8d67435b9951,,Y,In-Vehicle (Commercial / Test),04.22.09.01, , ,, , ,, , ,, , ,,, , ,,,Yes,ADS,Zoox, , , , , ,Y, , ,,SEP-2022, ,SEP-2022,11:30, ,1e802a0a2cb0266,[MAY CONTAIN PERSONALLY IDENTIFIABLE INFORMATION], ,[MAY CONTAIN PERSONALLY IDENTIFIABLE INFORMATION], ,[MAY CONTAIN PERSONALLY IDENTIFIABLE INFORMATION], ,San Francisco, ,CA ,[MAY CONTAIN PERSONALLY IDENTIFIABLE INFORMATION], ,Street,Dry,No Unusual Conditions,,Y,Daylight,Y, , , , , , , ,,Non-Motorist: Cyclist,Unknown,Unknown,"Other, see Narrative",,, , , , , , , , , , , ,"Other, see Narrative",No,No,Yes,2, , , , , , , , , , , ,Y, , ,Y, ,Y, , , ,No,, ,No,, ,, ,, ,Yes, ,"A Zoox vehicle in autonomy was slowing for a right turn from [XXX] to [XXX] in San Francisco, CA with its turn indicator and brake lights illuminated, when a following bicyclist struck the rear right corner of the Zoox vehicle. The Zoox vehicle camera bracket was damaged. Police were not called and no injuries were reported.",
540-3283,2,"General Motors, LLC",10-Day Update,,,JUL-2022,5G21A6P04L4, ,N/A,Cruise,AV, ,2020, ,7c5cce40a8c4c2d,26404, ,In-Vehicle and Remote (Commercial / Test),,Y, ,, , ,, , ,, , ,,, , ,,,Yes,ADS,Cruise LLC, , ,Y, ,Y,Y, , ,,JUN-2022, ,JUN-2022,10:49, ,1a8f11b1e58e6e7,[MAY CONTAIN PERSONALLY IDENTIFIABLE INFORMATION], ,[MAY CONTAIN PERSONALLY IDENTIFIABLE INFORMATION], ,[MAY CONTAIN PERSONALLY IDENTIFIABLE INFORMATION], ,San Francisco, ,CA ,[MAY CONTAIN PERSONALLY IDENTIFIABLE INFORMATION], ,Street,Dry,No Unusual Conditions,25, ,Daylight,Y, , , , , , , ,,Non-Motorist: Cyclist,Minor,Yes,Proceeding Straight,,, , , , , , , , , , , ,Proceeding Straight,No,No,Yes,19, ,Y, , , , , , , , , , ,Y, ,Y,Y,Y,Y, , ,No,, ,Yes,, ,, ,, ,"Unknown, see Narrative", ,"On July [XXX], 2022, GM Cruise Holdings LLC (""Cruise"") filed an update to an Incident Report (the ""Report"") under the Standing General Order 2021-01 dated June 29, 2021 (the ""Order""). General Motors LLC (GM) manufactured the Cruise-operated motor vehicle involved in the incident summarized in the Incident Report. Because GM is also a Reporting Entity under the Order, GM is submitting a duplicate of the redacted public copy of the Report. GM has selected ""Unknown"" in the ""ADS version"" and ""ODD time"" fields solely to avoid a second submission of nonpublic Cruise CBI GM is in possession of Cruise's responses to these fields, and incorporates Cruise's responses into this submission by reference. GM's submission is based on facts supplied to GM by Cruise. GM has not investigated the alleged incident and currently believes, based on a reasonable inquiry, that it has no independent knowledge of the facts in the Report. (Reference file: 30412-3281-2)",
30412-3281,2,Cruise LLC,10-Day Update,,,JUL-2022,5G21A6P04L4, ,N/A,Cruise,AV, ,2020, ,7c5cce40a8c4c2d,26404, ,In-Vehicle and Remote (Commercial / Test),"[REDACTED, MAY CONTAIN CONFIDENTIAL BUSINESS INFORMATION]", ,Y,, , ,, , ,, , ,,, , ,,,Yes,ADS,Cruise LLC, , ,Y, ,Y,Y, , ,,JUN-2022, ,JUN-2022,10:49, ,1a8f11b1e58e6e7,[MAY CONTAIN PERSONALLY IDENTIFIABLE INFORMATION], ,[MAY CONTAIN PERSONALLY IDENTIFIABLE INFORMATION], ,[MAY CONTAIN PERSONALLY IDENTIFIABLE INFORMATION], ,San Francisco, ,CA ,[MAY CONTAIN PERSONALLY IDENTIFIABLE INFORMATION], ,Street,Dry,No Unusual Conditions,25, ,Daylight,Y, , , , , , , ,,Non-Motorist: Cyclist,Minor,Yes,Proceeding Straight,,, , , , , , , , , , , ,Proceeding Straight,No,No,Yes,19, ,Y, , , , , , , , , , ,Y, ,Y,Y,Y,Y, , ,No,, ,Yes,, ,, ,, ,"[REDACTED, MAY CONTAIN CONFIDENTIAL BUSINESS INFORMATION]",Y,"There are no updates related to this incident since the original submission on June [XXX], 2022. Cruise autonomous vehicle (""Cruise AV""), operating in supervised autonomous mode, was traveling eastbound on [XXX] between [XXX] and [XXX]. Following the intersection of [XXX] mid-block, while engaged in autonomous mode, a vehicle in an angled parking space on the right backed out into the same lane as the oncoming Cruise AV. The AV operator disengaged from autonomous into manual mode, and pulled to the left to avoid the vehicle backing up. At this time, contact by a cyclist was made at the rear driver side bumper of the Cruise AV. There were no reported injuries or damages at the scene by either party and police were not called. The following day on [XXX], the cyclist claimed damages and injuries related to the event. [REDACTED, MAY CONTAIN CONFIDENTIAL BUSINESS INFORMATION]",Y
540-3283,1,"General Motors, LLC",1-Day,,,JUL-2022,5G21A6P04L4, ,N/A,Cruise,AV, ,2020, ,7c5cce40a8c4c2d,26404, ,In-Vehicle and Remote (Commercial / Test),,Y, ,, , ,, , ,, , ,,, , ,,,Yes,ADS,Cruise LLC, , ,Y, ,Y,Y, , ,,JUN-2022, ,JUN-2022,10:49, ,1a8f11b1e58e6e7,[MAY CONTAIN PERSONALLY IDENTIFIABLE INFORMATION], ,[MAY CONTAIN PERSONALLY IDENTIFIABLE INFORMATION], ,[MAY CONTAIN PERSONALLY IDENTIFIABLE INFORMATION], ,San Francisco, ,CA ,[MAY CONTAIN PERSONALLY IDENTIFIABLE INFORMATION], ,Street,Dry,No Unusual Conditions,25, ,Daylight,Y, , , , , , , ,,Non-Motorist: Cyclist,Minor,Yes,Proceeding Straight,,, , , , , , , , , , , ,Proceeding Straight,No,No,Yes,19, ,Y, , , , , , , , , , ,Y, ,Y,Y,Y,Y, , ,No,, ,Yes,, ,, ,, ,"Unknown, see Narrative", ,"On June [XXX], 2022, GM Cruise Holdings LLC (""Cruise"") filed an Incident Report (the ""Report"") under the Standing General Order 2021-01 dated June 29, 2021 (the ""Order""). General Motors LLC (GM) manufactured the Cruise-operated motor vehicle involved in the incident summarized in the Incident Report. Because GM is also a Reporting Entity under the Order, GM is submitting a duplicate of the redacted public copy of the Report. GM has selected ""Unknown"" in the ""ADS version"" and ""ODD time"" fields solely to avoid a second submission of nonpublic Cruise CBI GM is in possession of Cruise's responses to these fields, and incorporates Cruise's responses into this submission by reference. GM's submission is based on facts supplied to GM by Cruise. GM has not investigated the alleged incident and currently believes, based on a reasonable inquiry, that it has no independent knowledge of the facts in the Report. (Reference file: 30412-3281-1)",
30412-3281,1,Cruise LLC,1-Day,,,JUN-2022,5G21A6P04L4, ,N/A,Cruise,AV, ,2020, ,7c5cce40a8c4c2d,26404, ,In-Vehicle and Remote (Commercial / Test),"[REDACTED, MAY CONTAIN CONFIDENTIAL BUSINESS INFORMATION]", ,Y,, , ,, , ,, , ,,, , ,,,Yes,ADS,Cruise LLC, , ,Y, ,Y,Y, , ,,JUN-2022, ,JUN-2022,10:49, ,1a8f11b1e58e6e7,[MAY CONTAIN PERSONALLY IDENTIFIABLE INFORMATION], ,[MAY CONTAIN PERSONALLY IDENTIFIABLE INFORMATION], ,[MAY CONTAIN PERSONALLY IDENTIFIABLE INFORMATION], ,San Francisco, ,CA ,[MAY CONTAIN PERSONALLY IDENTIFIABLE INFORMATION], ,Street,Dry,No Unusual Conditions,25, ,Daylight,Y, , , , , , , ,,Non-Motorist: Cyclist,Minor,Yes,Proceeding Straight,,, , , , , , , , , , , ,Proceeding Straight,No,No,Yes,19, ,Y, , , , , , , , , , ,Y, ,Y,Y,Y,Y, , ,No,, ,Yes,, ,, ,, ,"[REDACTED, MAY CONTAIN CONFIDENTIAL BUSINESS INFORMATION]",Y," A Cruise autonomous vehicle (""Cruise AV""), operating in supervised autonomous mode, was traveling eastbound on [XXX] between [XXX] between [XXX] and [XXX]. Following the intersection of [XXX] mid-block, while engaged in autonomous mode, a vehicle in an angled parking space on the right backed out into the same lane as the oncoming Cruise AV. The AV operator disengaged from autonomous into manual mode, and pulled to the left to avoid the vehicle backing up. At this time, contact by a cyclist was made at the rear driver side bumper of the Cruise AV. There were no reported injuries or damages at the scene by either party and police were not called. The following day on [XXX], the cyclist claimed damages and injuries related to the event. [REDACTED, MAY CONTAIN CONFIDENTIAL BUSINESS INFORMATION]",Y
540-2590,2,"General Motors, LLC",10-Day Update,,,APR-2022,5G21A6P06N4, ,N/A,Cruise,AV, ,2022, ,a3dbf2235f1daf1,10025, ,In-Vehicle and Remote (Commercial / Test),,Y, ,, , ,, , ,, , ,,, , ,,,Yes,ADS,Cruise LLC, , , , ,Y,Y, , ,,MAR-2022, ,MAR-2022,13:24, ,71233f2d25b765e,[MAY CONTAIN PERSONALLY IDENTIFIABLE INFORMATION], ,[MAY CONTAIN PERSONALLY IDENTIFIABLE INFORMATION], ,[MAY CONTAIN PERSONALLY IDENTIFIABLE INFORMATION], ,San Francisco, ,CA ,[MAY CONTAIN PERSONALLY IDENTIFIABLE INFORMATION], ,Street,Dry,No Unusual Conditions,30, ,Daylight, , ,Y, , , , , ,,Non-Motorist: Cyclist,Serious,Unknown,Proceeding Straight,,, , , , , , , , , , , ,Proceeding Straight,No,No,Yes,4, , , , ,Y, , , , , , , ,Y,Y,Y,Y,Y,Y, , ,Yes,San Francisco Police Department, ,Yes,[MAY CONTAIN PERSONALLY IDENTIFIABLE INFORMATION], ,[MAY CONTAIN PERSONALLY IDENTIFIABLE INFORMATION], ,,Y,"Unknown, see Narrative", ,"On April [XXX], 2022, GM Cruise Holdings LLC (""Cruise"") filed an Incident Report (the ""Report"") under the Standing General Order 2021-01 dated June 29, 2021 (the ""Order""). General Motors LLC (""GM"") manufactured the Cruise-operated motor vehicle involved in the incident summarized in the Incident Report. Because GM is also a Reporting Entity under the Order, GM is submitting a duplicate of the redacted public copy of the Report. GM has selected ""Unknown"" in the ""ADS version"" and ""ODD time"" fields solely to avoid a second submission of nonpublic Cruise CBI GM is in possession of Cruise's responses to these fields, and incorporates Cruise's responses into this submission by reference. GM's submission is based on facts supplied to GM by Cruise. GM has not investigated the alleged incident and currently believes, based on a reasonable inquiry, that it has no independent knowledge of the facts in the Report.(Reference file: 30412-2588-2).",
30412-2588,2,Cruise LLC,10-Day Update,,,APR-2022,5G21A6P06N4, ,N/A,Cruise,AV, ,2022, ,a3dbf2235f1daf1,10025, ,In-Vehicle and Remote (Commercial / Test),"[REDACTED, MAY CONTAIN CONFIDENTIAL BUSINESS INFORMATION]", ,Y,, , ,, , ,, , ,,, , ,,,Yes,ADS,Cruise LLC, , , , ,Y,Y, , ,,MAR-2022, ,MAR-2022,13:24, ,71233f2d25b765e,[MAY CONTAIN PERSONALLY IDENTIFIABLE INFORMATION], ,[MAY CONTAIN PERSONALLY IDENTIFIABLE INFORMATION], ,[MAY CONTAIN PERSONALLY IDENTIFIABLE INFORMATION], ,San Francisco, ,CA ,[MAY CONTAIN PERSONALLY IDENTIFIABLE INFORMATION], ,Street,Dry,No Unusual Conditions,30, ,Daylight, , ,Y, , , , , ,,Non-Motorist: Cyclist,Serious,Unknown,Proceeding Straight,,, , , , , , , , , , , ,Proceeding Straight,No,No,Yes,4, , , , ,Y, , , , , , , ,Y,Y,Y,Y,Y,Y, , ,Yes,San Francisco Police Department, ,Yes,[MAY CONTAIN PERSONALLY IDENTIFIABLE INFORMATION], ,[MAY CONTAIN PERSONALLY IDENTIFIABLE INFORMATION], ,,Y,"[REDACTED, MAY CONTAIN CONFIDENTIAL BUSINESS INFORMATION]",Y,"A Cruise autonomous vehicle (""Cruise AV""), operating in supervised autonomous mode, was traveling southbound on Point [XXX] between [XXX] and [XXX]. The Cruise AV was traveling downhill when a cyclist approached the Cruise AV from behind. The Cruise AV began to brake, and shortly thereafter, the cyclist made contact with the rear window of the Cruise AV. The cyclist fell to the ground and sustained injuries. Police and Emergency Medical Services (EMS) were called. The cyclist was transferred from the scene via EMS. The impact caused damage to the rear passenger side of the bumper, rear hatch, and rear window of the Cruise AV. [REDACTED CONFIDENTIAL BUSINESS INFORMATION]",Y
540-2590,1,"General Motors, LLC",1-Day,,,MAR-2022,5G21A6P06N4, ,N/A,Cruise,AV, ,2022, ,a3dbf2235f1daf1,10025, ,In-Vehicle and Remote (Commercial / Test),,Y, ,, , ,, , ,, , ,,, , ,,,Yes,ADS,Cruise LLC, , , , ,Y,Y, , ,,MAR-2022, ,MAR-2022,13:24, ,71233f2d25b765e,[MAY CONTAIN PERSONALLY IDENTIFIABLE INFORMATION], ,[MAY CONTAIN PERSONALLY IDENTIFIABLE INFORMATION], ,[MAY CONTAIN PERSONALLY IDENTIFIABLE INFORMATION], ,San Francisco, ,CA ,[MAY CONTAIN PERSONALLY IDENTIFIABLE INFORMATION], ,Street,Dry,No Unusual Conditions,30, ,Daylight, , ,Y, , , , , ,,Non-Motorist: Cyclist,Serious,Unknown,Proceeding Straight,,, , , , , , , , , , , ,Proceeding Straight,No,No,Yes,4, , , , ,Y, , , , , , , ,Y,Y,Y, ,Y,Y, , ,Yes,San Francisco Police Department, ,Yes,[MAY CONTAIN PERSONALLY IDENTIFIABLE INFORMATION], ,[MAY CONTAIN PERSONALLY IDENTIFIABLE INFORMATION], ,,Y,"Unknown, see Narrative", ,"On March [XXX], 2022, GM Cruise Holdings LLC (""Cruise"") filed an Incident Report (the ""Report"") under the Standing General Order 2021-01 dated June 29, 2021 (the ""Order""). General Motors LLC (""GM"") manufactured the Cruise-operated motor vehicle involved in the incident summarized in the Incident Report. Because GM is also a Reporting Entity under the Order, GM is submitting a duplicate of the redacted public copy of the Report. GM has selected ""Unknown"" in the ""ADS version"" and ""ODD time"" fields solely to avoid a second submission of nonpublic Cruise CBI; GM is in possession of Cruise's responses to these fields, and incorporates Cruise's responses into this submission by reference. GM's submission is based on facts supplied to GM by Cruise. GM has not investigated the alleged incident and currently believes, based on a reasonable inquiry, that it has no independent knowledge of the facts in the Report.? (Reference file: 30412-2588-1).",
30412-2588,1,Cruise LLC,1-Day,,,MAR-2022,5G21A6P06N4, ,N/A,Cruise,AV, ,2022, ,a3dbf2235f1daf1,10025, ,In-Vehicle and Remote (Commercial / Test),"[REDACTED, MAY CONTAIN CONFIDENTIAL BUSINESS INFORMATION]", ,Y,, , ,, , ,, , ,,, , ,,,Yes,ADS,Cruise LLC, , , , ,Y,Y, , ,,MAR-2022, ,MAR-2022,13:24, ,71233f2d25b765e,[MAY CONTAIN PERSONALLY IDENTIFIABLE INFORMATION], ,[MAY CONTAIN PERSONALLY IDENTIFIABLE INFORMATION], ,[MAY CONTAIN PERSONALLY IDENTIFIABLE INFORMATION], ,San Francisco, ,CA ,[MAY CONTAIN PERSONALLY IDENTIFIABLE INFORMATION], ,Street,Dry,No Unusual Conditions,30, ,Daylight, , ,Y, , , , , ,,Non-Motorist: Cyclist,Serious,Unknown,Proceeding Straight,,, , , , , , , , , , , ,Proceeding Straight,No,No,Yes,4, , , , ,Y, , , , , , , ,Y,Y,Y, ,Y,Y, , ,Yes,San Francisco Police Department, ,Yes,[MAY CONTAIN PERSONALLY IDENTIFIABLE INFORMATION], ,[MAY CONTAIN PERSONALLY IDENTIFIABLE INFORMATION], ,,Y,"[REDACTED, MAY CONTAIN CONFIDENTIAL BUSINESS INFORMATION]",Y,"A Cruise autonomous vehicle (""Cruise AV""), operating in supervised autonomous mode, was traveling southbound on Point [XXX] between [XXX] and [XXX]. The Cruise AV was traveling downhill when a cyclist approached the Cruise AV from behind. The Cruise AV began to brake, and shortly thereafter, the cyclist made contact with the rear window of the Cruise AV. The cyclist fell to the ground and sustained injuries. Police and Emergency Medical Services (EMS) were called. The cyclist was transferred from the scene via EMS. The impact caused damage to the rear passenger side of the bumper, rear hatch, and rear window of the Cruise AV. [REDACTED CONFIDENTIAL BUSINESS INFORMATION]",Y